block,blockWeight
0,44.923698892388664
1,45.32864535826799
2,43.244834306374024
3,45.506667725050484
