block,blockWeight
0,45.921209968233825
1,40.78646232068242
2,45.371693532429276
3,42.87155163044426
