block,blockWeight
0,47.62251465367337
1,45.32864582053253
2,43.24483604094835
3,45.506667157834045
