block,blockWeight
0,16.98467198554931
1,20.153443110895193
2,15.800819441270228
3,18.231689628405302
