block,blockWeight
0,18.48618460085364
1,18.013345942838804
2,17.627960887090712
3,17.245953484786174
