block,blockWeight
0,16.984671664784994
1,20.153443565611234
2,15.80081888416758
3,18.231688679755585
